Feature,KL(KNN),KL(MICE)
Age,0,0
first TSH,0.000127504,3.77E-05
last TSH,0.007370615,0.002986852
first T3,0.002577049,0.006048304
last T3,0.03175325,0.008999017
first T4,0.002217386,0.000295493
last T4,0.155774008,6.118129698
Smoking,0.029999384,0.570761882
Marital status,0,0
first FT3,0.026802344,5.772863747
last FT3,0.005374401,0.001294221
