,Age,first TSH,last TSH,first T3,last T3,first T4,last T4,Smoking,Marital status,first FT3,last FT3
count,5553.0,4948.0,2842.0,1828.0,712.0,2036.0,778.0,5305.0,3935.0,1372.0,1364.0
mean,45.10066630650099,1.8749193613581243,2.2870502463054185,5.822490153172867,2.607544943820225,160.194942043222,105.27262210796916,0.32686145146088597,1.0,7.100513119533528,6.367046920821115
std,12.712124674854289,6.965334531433047,7.139196922782598,27.95919981155141,4.150105271157623,599.0197062236722,54.89501698135631,0.5990223059875718,0.0,8.087933330766296,17.902696508818583
min,22.0,0.0,0.0024,0.43,0.77,1.24,1.21,0.0,1.0,0.982,1.1
25%,36.0,0.041,0.04,1.65,1.605,80.99,77.93,0.0,1.0,4.47,4.42
50%,42.0,0.4715,0.616,2.21,1.9649999999999999,108.7,96.85,0.0,1.0,5.12,5.14
75%,48.0,1.51,2.0,4.01,2.5175,164.0,125.5,1.0,1.0,6.26,5.9
max,68.0,120.0,100.0,600.0,72.3,13924.0,416.0,2.0,1.0,100.0,464.0
